Year+Month,Station,Land+Ocean,Land_Only,Open_Ocean
1880.04,-0.28,-0.2,-0.88,-0.03
1880.13,-0.46,-0.25,-1.32,0.02
1880.21,-0.31,-0.09,-0.7,0.07
1880.29,-0.51,-0.16,-1.18,0.08
1880.38,-0.22,-0.09,-0.22,-0.05
1880.46,-0.39,-0.22,-0.26,-0.17
1880.54,-0.34,-0.2,-0.32,-0.18
1880.63,0.27,-0.09,-0.07,-0.11
1880.71,-0.37,-0.15,-0.64,-0.06
1880.79,-0.57,-0.22,-0.64,-0.14
1880.88,-0.26,-0.22,-0.67,-0.1
1880.96,-0.28,-0.18,-0.85,-0.02
1881.04,-0.68,-0.19,-0.63,-0.02
1881.13,-0.23,-0.15,-0.69,0
1881.21,-0.11,0.02,-0.18,0.1
1881.29,-0.06,0.04,-0.18,0.11
1881.38,0.2,0.07,0.04,0.08
1881.46,-0.91,-0.19,-1.01,0.05
1881.54,-0.23,0.01,-0.12,0.03
1881.63,-0.24,-0.04,-0.07,-0.03
1881.71,-0.18,-0.16,-0.51,-0.08
1881.79,-0.34,-0.22,-0.81,-0.1
1881.88,-0.41,-0.18,-0.76,-0.07
1881.96,0.13,-0.07,-0.47,0.02
1882.04,0.15,0.16,0.38,0.12
1882.13,-0.15,0.14,0.26,0.11
1882.21,-0.02,0.05,0,0.04
1882.29,-0.51,-0.15,-0.77,0.02
1882.38,-0.59,-0.13,-0.46,-0.02
1882.46,-0.87,-0.22,-0.6,-0.08
1882.54,-0.55,-0.16,-0.54,-0.08
1882.63,-0.25,-0.07,-0.04,-0.08
1882.71,-0.15,-0.14,-0.46,-0.09
1882.79,-0.2,-0.23,-1.06,-0.05
1882.88,-0.5,-0.17,-0.93,0.04
1882.96,-0.79,-0.36,-1.87,0.09
1883.04,-0.54,-0.29,-1.48,0.02
1883.13,-0.74,-0.36,-1.6,-0.06
1883.21,-0.48,-0.12,-0.4,-0.06
1883.29,-0.4,-0.18,-0.76,-0.03
1883.38,-0.43,-0.18,-0.46,-0.11
1883.46,0.3,-0.07,0.01,-0.1
1883.54,-0.21,-0.07,-0.14,-0.08
1883.63,-0.11,-0.14,-0.31,-0.1
1883.71,-0.42,-0.22,-0.64,-0.15
1883.79,-0.34,-0.11,-0.43,-0.06
1883.88,-0.62,-0.24,-1.09,-0.03
1883.96,-0.37,-0.11,-0.3,-0.05
1884.04,-0.68,-0.12,-0.36,-0.02
1884.13,-0.38,-0.08,-0.48,0.04
1884.21,-0.38,-0.36,-1.34,-0.11
1884.29,-0.64,-0.4,-1.27,-0.14
1884.38,-0.92,-0.33,-0.96,-0.14
1884.46,-0.43,-0.35,-0.77,-0.22
1884.54,-0.4,-0.3,-0.62,-0.27
1884.63,0.13,-0.28,-0.52,-0.24
1884.71,-0.32,-0.27,-0.82,-0.17
1884.79,-0.59,-0.25,-0.77,-0.16
1884.88,-0.7,-0.33,-0.94,-0.18
1884.96,-0.76,-0.3,-0.68,-0.18
1885.04,-0.89,-0.58,-1.88,-0.21
1885.13,-0.69,-0.34,-1.01,-0.17
1885.21,-0.73,-0.27,-0.55,-0.19
1885.29,-0.84,-0.42,-1.16,-0.23
1885.38,-0.64,-0.45,-1,-0.26
1885.46,-0.74,-0.43,-0.8,-0.31
1885.54,-0.58,-0.33,-0.55,-0.32
1885.63,-0.29,-0.31,-0.58,-0.25
1885.71,-0.3,-0.28,-0.55,-0.24
1885.79,-0.34,-0.23,-0.67,-0.14
1885.88,-0.32,-0.24,-0.65,-0.11
1885.96,-0.06,-0.1,-0.05,-0.08
1886.04,-0.58,-0.44,-1.26,-0.13
1886.13,-0.64,-0.51,-1.53,-0.17
1886.21,-0.43,-0.43,-1.2,-0.17
1886.29,-0.33,-0.28,-0.55,-0.17
1886.38,-0.31,-0.24,-0.4,-0.16
1886.46,-0.44,-0.34,-0.6,-0.23
1886.54,-0.1,-0.18,0.05,-0.28
1886.63,-0.3,-0.31,-0.35,-0.32
1886.71,-0.09,-0.24,-0.2,-0.28
1886.79,-0.62,-0.28,-0.66,-0.18
1886.88,-0.25,-0.28,-0.68,-0.17
1886.96,-0.34,-0.26,-0.1,-0.27
1887.04,-0.66,-0.72,-1.85,-0.37
1887.13,-0.99,-0.57,-1.38,-0.31
1887.21,-0.46,-0.36,-0.66,-0.24
1887.29,-0.54,-0.35,-0.6,-0.22
1887.38,-0.67,-0.31,-0.28,-0.29
1887.46,-0.62,-0.25,-0.32,-0.2
1887.54,-0.64,-0.26,-0.25,-0.28
1887.63,-0.55,-0.36,-0.64,-0.28
1887.71,-0.7,-0.26,-0.35,-0.23
1887.79,-0.53,-0.36,-0.81,-0.21
1887.88,-0.68,-0.27,-0.56,-0.14
1887.96,-0.63,-0.33,-0.92,-0.11
1888.04,-0.56,-0.34,-0.98,-0.12
1888.13,-0.75,-0.36,-1.17,-0.1
1888.21,-0.7,-0.42,-1.17,-0.16
1888.29,-0.27,-0.21,-0.43,-0.12
1888.38,-0.67,-0.22,-0.68,-0.06
1888.46,-0.4,-0.17,-0.45,-0.06
1888.54,-0.27,-0.1,-0.1,-0.11
1888.63,-0.25,-0.16,-0.29,-0.12
1888.71,-0.32,-0.12,-0.4,-0.05
1888.79,-0.07,0.01,-0.25,0.09
1888.88,-0.04,0.02,-0.24,0.08
1888.96,-0.22,-0.04,-0.76,0.17
1889.04,-0.29,-0.09,-0.96,0.19
1889.13,0.09,0.16,0.32,0.13
1889.21,0.11,0.06,0.04,0.1
1889.29,0.24,0.09,0.35,0.02
1889.38,0.13,-0.01,-0.07,-0.01
1889.46,-0.14,-0.1,-0.1,-0.08
1889.54,-0.22,-0.08,-0.01,-0.09
1889.63,-0.44,-0.21,-0.32,-0.15
1889.71,-0.34,-0.24,-0.44,-0.19
1889.79,-0.26,-0.26,-0.69,-0.15
1889.88,-0.47,-0.34,-1.06,-0.13
1889.96,-0.38,-0.29,-0.78,-0.14
1890.04,-0.54,-0.42,-0.93,-0.24
1890.13,-0.48,-0.45,-0.93,-0.29
1890.21,-0.44,-0.4,-0.82,-0.28
1890.29,-0.15,-0.3,-0.28,-0.28
1890.38,-0.65,-0.4,-0.75,-0.28
1890.46,-0.41,-0.25,-0.27,-0.2
1890.54,-0.56,-0.28,-0.2,-0.31
1890.63,-0.56,-0.39,-0.46,-0.39
1890.71,-0.21,-0.37,-0.29,-0.43
1890.79,-0.2,-0.25,0.01,-0.34
1890.88,-0.52,-0.44,-0.93,-0.3
1890.96,-0.34,-0.32,-0.87,-0.18
1891.04,-0.71,-0.34,-0.71,-0.18
1891.13,-0.92,-0.47,-1.33,-0.18
1891.21,-0.3,-0.18,-0.28,-0.16
1891.29,-0.44,-0.28,-0.65,-0.11
1891.38,-0.39,-0.17,-0.36,-0.1
1891.46,-0.58,-0.21,-0.42,-0.11
1891.54,-0.48,-0.18,-0.28,-0.13
1891.63,-0.43,-0.18,-0.24,-0.13
1891.71,-0.34,-0.16,-0.23,-0.13
1891.79,-0.39,-0.22,-0.58,-0.12
1891.88,-0.34,-0.32,-0.93,-0.13
1891.96,0.06,-0.04,0.09,-0.07
1892.04,-0.59,-0.3,-0.8,-0.07
1892.13,-0.22,-0.13,-0.28,-0.06
1892.21,-0.66,-0.41,-1.17,-0.15
1892.29,-0.58,-0.34,-0.84,-0.14
1892.38,-0.56,-0.24,-0.47,-0.14
1892.46,-0.47,-0.22,-0.09,-0.26
1892.54,-0.31,-0.32,-0.3,-0.34
1892.63,-0.27,-0.27,-0.33,-0.26
1892.71,-0.49,-0.17,-0.28,-0.17
1892.79,-0.34,-0.14,-0.05,-0.2
1892.88,-0.64,-0.43,-1.28,-0.16
1892.96,-0.62,-0.39,-0.92,-0.23
1893.04,-1.49,-0.82,-2.69,-0.19
1893.13,-1.01,-0.57,-1.7,-0.2
1893.21,-0.49,-0.23,-0.14,-0.25
1893.29,-0.5,-0.28,-0.37,-0.23
1893.38,-0.53,-0.34,-0.6,-0.24
1893.46,-0.5,-0.26,-0.24,-0.22
1893.54,0.03,-0.14,0.17,-0.26
1893.63,-0.21,-0.26,-0.32,-0.25
1893.71,-0.2,-0.23,-0.14,-0.25
1893.79,-0.1,-0.19,-0.1,-0.25
1893.88,-0.12,-0.19,-0.05,-0.22
1893.96,-0.4,-0.32,-0.53,-0.25
1894.04,-0.68,-0.53,-1.13,-0.27
1894.13,-0.41,-0.3,-0.09,-0.3
1894.21,-0.36,-0.24,-0.05,-0.32
1894.29,-0.64,-0.45,-0.78,-0.33
1894.38,-0.6,-0.31,-0.23,-0.3
1894.46,-0.5,-0.41,-0.55,-0.36
1894.54,-0.34,-0.24,-0.22,-0.28
1894.63,-0.34,-0.24,-0.21,-0.26
1894.71,-0.46,-0.28,-0.38,-0.24
1894.79,-0.25,-0.24,-0.32,-0.21
1894.88,-0.29,-0.27,-0.69,-0.12
1894.96,-0.22,-0.22,-0.56,-0.11
1895.04,-0.65,-0.42,-1.35,-0.09
1895.13,-0.78,-0.44,-1.35,-0.08
1895.21,-0.57,-0.34,-0.58,-0.22
1895.29,-0.46,-0.23,-0.14,-0.22
1895.38,-0.42,-0.28,-0.42,-0.22
1895.46,-0.17,-0.22,-0.18,-0.21
1895.54,-0.49,-0.18,-0.2,-0.18
1895.63,-0.2,-0.18,-0.25,-0.15
1895.71,-0.21,-0.13,-0.17,-0.13
1895.79,-0.2,-0.12,-0.3,-0.04
1895.88,-0.23,-0.18,-0.35,-0.1
1895.96,-0.13,-0.15,-0.35,-0.07
1896.04,-0.24,-0.23,-0.46,-0.11
1896.13,-0.27,-0.13,-0.35,-0.04
1896.21,-0.65,-0.27,-1.05,0.02
1896.29,-0.49,-0.31,-1.11,0.02
1896.38,-0.4,-0.16,-0.37,-0.06
1896.46,-0.39,-0.12,-0.07,-0.11
1896.54,-0.2,-0.03,-0.05,-0.03
1896.63,-0.37,-0.06,-0.19,0
1896.71,-0.21,-0.08,-0.3,-0.03
1896.79,-0.19,0.05,-0.06,0.06
1896.88,-0.38,-0.05,-0.67,0.14
1896.96,-0.26,-0.05,-0.53,0.14
1897.04,-0.26,-0.16,-0.83,0.07
1897.13,-0.47,-0.18,-0.76,0.06
1897.21,-0.3,-0.14,-0.84,0.1
1897.29,-0.14,-0.03,-0.16,0.06
1897.38,-0.17,-0.02,0.13,-0.07
1897.46,-0.03,-0.12,0.01,-0.14
1897.54,0,-0.03,0.15,-0.09
1897.63,-0.26,-0.1,-0.09,-0.09
1897.71,-0.13,-0.09,0.05,-0.12
1897.79,-0.23,-0.14,-0.07,-0.15
1897.88,0.03,-0.19,-0.17,-0.19
1897.96,-0.26,-0.21,-0.58,-0.12
1898.04,-0.12,-0.03,0.33,-0.11
1898.13,-0.51,-0.31,-0.66,-0.13
1898.21,-0.78,-0.52,-1.5,-0.21
1898.29,-0.53,-0.32,-0.48,-0.24
1898.38,-0.67,-0.31,-0.48,-0.22
1898.46,-0.29,-0.2,-0.01,-0.23
1898.54,-0.29,-0.23,-0.17,-0.25
1898.63,-0.25,-0.27,-0.19,-0.31
1898.71,0,-0.22,-0.08,-0.28
1898.79,-0.44,-0.35,-0.51,-0.28
1898.88,-0.43,-0.39,-0.61,-0.27
1898.96,-0.17,-0.24,-0.09,-0.24
1899.04,-0.33,-0.17,0.08,-0.2
1899.13,-0.63,-0.39,-0.79,-0.21
1899.21,-0.41,-0.37,-0.63,-0.23
1899.29,-0.18,-0.21,0.03,-0.23
1899.38,-0.36,-0.23,-0.13,-0.21
1899.46,-0.49,-0.32,-0.46,-0.22
1899.54,-0.24,-0.16,-0.07,-0.18
1899.63,-0.31,-0.09,-0.01,-0.09
1899.71,-0.05,-0.06,0.08,-0.1
1899.79,-0.19,-0.04,0.23,-0.12
1899.88,0,0.12,0.72,-0.07
1899.96,-0.2,-0.27,-0.75,-0.08
1900.04,-0.46,-0.37,-1.02,-0.09
1900.13,-0.04,-0.06,-0.11,-0.04
1900.21,-0.15,0,0.12,-0.04
1900.29,-0.05,-0.09,-0.08,-0.06
1900.38,-0.15,-0.09,0.1,-0.12
1900.46,-0.06,-0.1,0.07,-0.11
1900.54,-0.32,-0.13,-0.09,-0.13
1900.63,-0.04,-0.09,0.13,-0.14
1900.71,0.01,-0.06,0,-0.06
1900.79,0.21,0.09,0.41,0
1900.88,-0.02,-0.07,-0.16,-0.03
1900.96,-0.07,-0.07,0.03,-0.06
1901.04,-0.22,-0.22,-0.54,-0.06
1901.13,-0.25,-0.12,-0.18,-0.06
1901.21,-0.13,0.05,0.45,-0.08
1901.29,-0.02,-0.03,0.21,-0.09
1901.38,-0.1,-0.15,-0.05,-0.15
1901.46,0.07,-0.12,0.13,-0.19
1901.54,-0.2,-0.15,0.14,-0.24
1901.63,-0.17,-0.21,-0.01,-0.25
1901.71,0.02,-0.23,-0.11,-0.29
1901.79,-0.06,-0.3,-0.37,-0.31
1901.88,-0.12,-0.17,-0.02,-0.19
1901.96,-0.2,-0.27,-0.46,-0.23
1902.04,-0.2,-0.17,0.16,-0.23
1902.13,-0.06,-0.09,0.42,-0.24
1902.21,-0.15,-0.28,-0.2,-0.24
1902.29,-0.14,-0.28,-0.37,-0.22
1902.38,-0.22,-0.33,-0.35,-0.28
1902.46,-0.22,-0.32,-0.16,-0.35
1902.54,-0.39,-0.28,-0.16,-0.34
1902.63,-0.42,-0.3,-0.21,-0.33
1902.71,-0.37,-0.29,-0.26,-0.3
1902.79,-0.38,-0.3,-0.47,-0.22
1902.88,-0.37,-0.37,-0.71,-0.2
1902.96,-0.48,-0.42,-0.9,-0.19
1903.04,-0.33,-0.25,-0.11,-0.22
1903.13,-0.13,-0.07,0.52,-0.27
1903.21,-0.12,-0.24,-0.13,-0.34
1903.29,-0.49,-0.42,-0.41,-0.36
1903.38,-0.32,-0.4,-0.27,-0.42
1903.46,-0.53,-0.43,-0.41,-0.39
1903.54,-0.26,-0.35,-0.19,-0.44
1903.63,-0.32,-0.46,-0.34,-0.53
1903.71,-0.39,-0.5,-0.38,-0.55
1903.79,-0.38,-0.47,-0.44,-0.49
1903.88,-0.41,-0.42,-0.37,-0.47
1903.96,-0.56,-0.51,-0.78,-0.44
1904.04,-0.7,-0.63,-0.92,-0.5
1904.13,-0.73,-0.59,-0.74,-0.52
1904.21,-0.54,-0.51,-0.56,-0.56
1904.29,-0.37,-0.51,-0.54,-0.52
1904.38,-0.53,-0.52,-0.28,-0.58
1904.46,-0.44,-0.49,-0.34,-0.54
1904.54,-0.54,-0.51,-0.43,-0.57
1904.63,-0.46,-0.49,-0.31,-0.57
1904.71,-0.52,-0.56,-0.61,-0.55
1904.79,-0.5,-0.4,-0.35,-0.41
1904.88,-0.17,-0.18,0.42,-0.37
1904.96,-0.39,-0.34,-0.11,-0.4
1905.04,-0.39,-0.35,-0.21,-0.39
1905.13,-0.9,-0.6,-1.3,-0.32
1905.21,-0.26,-0.22,-0.36,-0.24
1905.29,-0.27,-0.34,-0.44,-0.3
1905.38,-0.28,-0.3,-0.16,-0.34
1905.46,-0.34,-0.29,-0.16,-0.28
1905.54,-0.36,-0.27,-0.1,-0.29
1905.63,-0.24,-0.21,-0.09,-0.26
1905.71,-0.22,-0.19,0,-0.27
1905.79,-0.35,-0.25,-0.21,-0.25
1905.88,-0.05,-0.07,0.41,-0.23
1905.96,-0.19,-0.13,-0.04,-0.15
1906.04,-0.14,-0.29,-0.47,-0.16
1906.13,-0.34,-0.3,-0.7,-0.13
1906.21,-0.36,-0.19,-0.25,-0.17
1906.29,0.03,-0.05,0.34,-0.2
1906.38,-0.26,-0.26,0.04,-0.37
1906.46,-0.19,-0.2,0.09,-0.28
1906.54,-0.11,-0.23,-0.1,-0.29
1906.63,-0.11,-0.2,0.05,-0.31
1906.71,-0.27,-0.29,-0.16,-0.34
1906.79,-0.15,-0.21,-0.07,-0.3
1906.88,-0.5,-0.38,-0.56,-0.29
1906.96,-0.18,-0.15,0.23,-0.3
1907.04,-0.5,-0.44,-0.79,-0.29
1907.13,-0.62,-0.52,-0.95,-0.32
1907.21,-0.4,-0.28,-0.45,-0.23
1907.29,-0.53,-0.38,-0.76,-0.23
1907.38,-0.65,-0.47,-0.83,-0.33
1907.46,-0.61,-0.42,-0.6,-0.32
1907.54,-0.37,-0.35,-0.37,-0.35
1907.63,-0.49,-0.34,-0.28,-0.35
1907.71,-0.33,-0.35,-0.25,-0.41
1907.79,-0.2,-0.23,-0.06,-0.34
1907.88,-0.5,-0.47,-0.73,-0.36
1907.96,-0.55,-0.47,-0.69,-0.37
1908.04,-0.4,-0.45,-0.45,-0.41
1908.13,-0.36,-0.33,-0.36,-0.38
1908.21,-0.53,-0.56,-0.91,-0.42
1908.29,-0.44,-0.45,-0.43,-0.43
1908.38,-0.23,-0.37,-0.12,-0.49
1908.46,-0.33,-0.38,-0.09,-0.51
1908.54,-0.29,-0.35,0.01,-0.51
1908.63,-0.38,-0.46,-0.43,-0.51
1908.71,-0.13,-0.36,0.02,-0.54
1908.79,-0.35,-0.44,-0.39,-0.52
1908.88,-0.58,-0.52,-0.61,-0.47
1908.96,-0.38,-0.49,-0.52,-0.49
1909.04,-0.79,-0.73,-1.26,-0.47
1909.13,-0.52,-0.46,-0.38,-0.47
1909.21,-0.53,-0.54,-0.68,-0.46
1909.29,-0.55,-0.59,-0.76,-0.51
1909.38,-0.54,-0.54,-0.52,-0.51
1909.46,-0.32,-0.52,-0.39,-0.55
1909.54,-0.31,-0.45,-0.21,-0.57
1909.63,-0.11,-0.34,-0.02,-0.51
1909.71,-0.24,-0.39,-0.14,-0.51
1909.79,-0.23,-0.4,-0.19,-0.51
1909.88,-0.16,-0.32,0.37,-0.57
1909.96,-0.52,-0.56,-0.65,-0.53
1910.04,-0.36,-0.43,-0.24,-0.48
1910.13,-0.27,-0.41,-0.27,-0.5
1910.21,-0.45,-0.51,-0.41,-0.56
1910.29,-0.34,-0.43,-0.2,-0.48
1910.38,-0.25,-0.34,-0.24,-0.4
1910.46,-0.34,-0.39,-0.26,-0.43
1910.54,-0.21,-0.34,0,-0.5
1910.63,-0.13,-0.37,-0.05,-0.51
1910.71,-0.11,-0.39,-0.25,-0.48
1910.79,-0.33,-0.42,-0.29,-0.49
1910.88,-0.54,-0.58,-0.79,-0.5
1910.96,-0.66,-0.68,-1.01,-0.52
1911.04,-0.65,-0.63,-0.88,-0.49
1911.13,-0.68,-0.58,-0.76,-0.52
1911.21,-0.63,-0.62,-0.87,-0.52
1911.29,-0.51,-0.55,-0.44,-0.55
1911.38,-0.41,-0.52,-0.35,-0.59
1911.46,-0.48,-0.51,-0.35,-0.56
1911.54,-0.25,-0.43,-0.15,-0.59
1911.63,-0.32,-0.44,-0.35,-0.53
1911.71,-0.32,-0.41,-0.4,-0.45
1911.79,-0.25,-0.27,-0.2,-0.35
1911.88,-0.19,-0.22,-0.12,-0.27
1911.96,-0.27,-0.22,-0.31,-0.2
1912.04,-0.23,-0.26,-0.29,-0.24
1912.13,-0.15,-0.15,0.04,-0.19
1912.21,-0.52,-0.38,-0.92,-0.16
1912.29,-0.33,-0.18,-0.14,-0.16
1912.38,-0.25,-0.22,-0.02,-0.26
1912.46,-0.22,-0.24,0,-0.3
1912.54,-0.5,-0.43,-0.54,-0.35
1912.63,-0.6,-0.55,-0.83,-0.41
1912.71,-0.5,-0.58,-0.87,-0.48
1912.79,-0.52,-0.58,-1.02,-0.41
1912.88,-0.48,-0.4,-0.42,-0.39
1912.96,-0.38,-0.44,-0.56,-0.39
1913.04,-0.44,-0.41,-0.45,-0.33
1913.13,-0.49,-0.45,-0.76,-0.32
1913.21,-0.55,-0.43,-0.62,-0.39
1913.29,-0.36,-0.4,-0.38,-0.4
1913.38,-0.59,-0.44,-0.55,-0.39
1913.46,-0.54,-0.45,-0.4,-0.42
1913.54,-0.27,-0.37,-0.22,-0.43
1913.63,-0.2,-0.34,-0.16,-0.42
1913.71,-0.17,-0.35,-0.21,-0.42
1913.79,-0.27,-0.32,-0.3,-0.33
1913.88,-0.19,-0.2,0.15,-0.3
1913.96,0.01,-0.03,0.52,-0.25
1914.04,0.15,0.04,0.82,-0.19
1914.13,-0.07,-0.1,0.15,-0.21
1914.21,-0.11,-0.24,-0.21,-0.24
1914.29,-0.23,-0.3,-0.27,-0.28
1914.38,-0.05,-0.22,0.04,-0.3
1914.46,-0.11,-0.26,0.02,-0.34
1914.54,-0.24,-0.23,-0.12,-0.27
1914.63,-0.12,-0.16,-0.14,-0.21
1914.71,-0.16,-0.17,-0.19,-0.19
1914.79,0.1,-0.04,0.13,-0.13
1914.88,-0.32,-0.16,-0.25,-0.09
1914.96,-0.18,-0.04,-0.2,-0.05
1915.04,-0.22,-0.21,-0.32,-0.11
1915.13,-0.03,-0.04,0.11,-0.07
1915.21,-0.19,-0.1,-0.26,-0.02
1915.29,-0.06,0.06,0.3,-0.03
1915.38,-0.22,-0.06,0.11,-0.1
1915.46,-0.27,-0.22,-0.18,-0.19
1915.54,-0.05,-0.13,0,-0.17
1915.63,-0.24,-0.23,-0.15,-0.19
1915.71,-0.04,-0.2,-0.24,-0.2
1915.79,-0.08,-0.25,-0.38,-0.19
1915.88,-0.01,-0.13,0.22,-0.23
1915.96,-0.18,-0.21,-0.08,-0.19
1916.04,-0.11,-0.13,-0.06,-0.17
1916.13,-0.14,-0.15,-0.2,-0.14
1916.21,-0.45,-0.29,-0.44,-0.19
1916.29,-0.26,-0.3,-0.32,-0.27
1916.38,-0.41,-0.35,-0.3,-0.32
1916.46,-0.52,-0.49,-0.65,-0.4
1916.54,-0.37,-0.37,-0.3,-0.41
1916.63,-0.21,-0.28,-0.26,-0.32
1916.71,-0.24,-0.36,-0.38,-0.36
1916.79,-0.29,-0.34,-0.39,-0.37
1916.88,-0.47,-0.46,-0.5,-0.46
1916.96,-0.8,-0.82,-1.47,-0.51
1917.04,-0.49,-0.57,-0.39,-0.61
1917.13,-0.7,-0.64,-0.89,-0.53
1917.21,-0.82,-0.64,-0.96,-0.52
1917.29,-0.57,-0.55,-0.67,-0.48
1917.38,-0.78,-0.55,-0.96,-0.39
1917.46,-0.41,-0.43,-0.52,-0.39
1917.54,-0.05,-0.25,-0.17,-0.33
1917.63,-0.36,-0.22,-0.35,-0.2
1917.71,-0.34,-0.23,-0.24,-0.22
1917.79,-0.53,-0.44,-0.84,-0.29
1917.88,-0.41,-0.34,-0.13,-0.36
1917.96,-0.93,-0.68,-1.56,-0.25
1918.04,-0.72,-0.48,-0.84,-0.25
1918.13,-0.56,-0.34,-0.61,-0.25
1918.21,-0.5,-0.25,-0.22,-0.27
1918.29,-0.52,-0.44,-0.77,-0.3
1918.38,-0.65,-0.43,-0.66,-0.31
1918.46,-0.39,-0.36,-0.49,-0.3
1918.54,-0.49,-0.32,-0.41,-0.31
1918.63,-0.51,-0.32,-0.36,-0.27
1918.71,-0.22,-0.17,-0.16,-0.22
1918.79,0,-0.06,0.11,-0.16
1918.88,-0.27,-0.12,-0.27,-0.02
1918.96,-0.37,-0.3,-0.89,-0.06
1919.04,-0.29,-0.21,-0.49,-0.08
1919.13,-0.19,-0.23,-0.39,-0.1
1919.21,-0.15,-0.21,-0.44,-0.1
1919.29,-0.1,-0.13,0.01,-0.13
1919.38,-0.18,-0.28,-0.39,-0.23
1919.46,-0.14,-0.36,-0.22,-0.39
1919.54,-0.03,-0.29,-0.11,-0.39
1919.63,-0.12,-0.33,-0.14,-0.49
1919.71,-0.27,-0.25,-0.12,-0.36
1919.79,-0.15,-0.21,-0.08,-0.29
1919.88,-0.5,-0.42,-0.58,-0.32
1919.96,-0.35,-0.42,-0.62,-0.36
1920.04,-0.17,-0.25,0.12,-0.39
1920.13,-0.34,-0.27,-0.5,-0.23
1920.21,-0.23,-0.12,0.04,-0.23
1920.29,-0.11,-0.24,-0.13,-0.27
1920.38,-0.32,-0.27,-0.16,-0.3
1920.46,-0.32,-0.36,-0.3,-0.35
1920.54,-0.18,-0.3,-0.18,-0.37
1920.63,-0.21,-0.26,-0.22,-0.3
1920.71,-0.22,-0.22,-0.28,-0.2
1920.79,-0.42,-0.27,-0.39,-0.19
1920.88,-0.32,-0.27,-0.55,-0.16
1920.96,-0.54,-0.47,-1.13,-0.19
1921.04,-0.07,-0.05,0.49,-0.25
1921.13,-0.16,-0.18,0.06,-0.26
1921.21,-0.12,-0.23,-0.1,-0.31
1921.29,-0.24,-0.3,-0.13,-0.36
1921.38,-0.27,-0.3,-0.05,-0.36
1921.46,-0.1,-0.27,0.01,-0.38
1921.54,0,-0.15,0.11,-0.27
1921.63,-0.46,-0.26,-0.37,-0.2
1921.71,-0.13,-0.19,-0.2,-0.18
1921.79,-0.1,-0.03,-0.08,-0.02
1921.88,-0.3,-0.15,-0.24,-0.12
1921.96,-0.22,-0.18,-0.13,-0.18
1922.04,-0.46,-0.34,-0.63,-0.23
1922.13,-0.5,-0.45,-0.9,-0.23
1922.21,-0.36,-0.15,-0.11,-0.16
1922.29,-0.12,-0.23,0,-0.29
1922.38,-0.4,-0.33,-0.11,-0.37
1922.46,-0.3,-0.3,0.02,-0.4
1922.54,-0.08,-0.27,-0.08,-0.38
1922.63,-0.23,-0.33,-0.27,-0.36
1922.71,-0.19,-0.35,-0.33,-0.38
1922.79,-0.25,-0.32,-0.34,-0.32
1922.88,-0.1,-0.14,0.02,-0.22
1922.96,-0.21,-0.2,-0.1,-0.25
1923.04,-0.28,-0.27,-0.09,-0.33
1923.13,-0.31,-0.39,-0.61,-0.37
1923.21,-0.26,-0.34,-0.36,-0.34
1923.29,-0.5,-0.41,-0.68,-0.27
1923.38,-0.34,-0.33,-0.44,-0.28
1923.46,-0.38,-0.29,-0.14,-0.32
1923.54,-0.49,-0.31,-0.34,-0.32
1923.63,-0.43,-0.33,-0.25,-0.39
1923.71,-0.34,-0.31,-0.15,-0.37
1923.79,-0.14,-0.14,0.11,-0.29
1923.88,-0.06,-0.03,0.29,-0.17
1923.96,-0.06,-0.04,0.2,-0.1
1924.04,-0.28,-0.23,-0.36,-0.15
1924.13,-0.38,-0.23,-0.29,-0.17
1924.21,-0.17,-0.09,0,-0.15
1924.29,-0.43,-0.3,-0.45,-0.16
1924.38,-0.3,-0.18,-0.15,-0.18
1924.46,-0.24,-0.26,-0.18,-0.26
1924.54,-0.22,-0.29,-0.14,-0.35
1924.63,-0.21,-0.36,-0.28,-0.42
1924.71,-0.11,-0.32,-0.12,-0.43
1924.79,-0.21,-0.35,-0.22,-0.43
1924.88,-0.11,-0.21,0.28,-0.46
1924.96,-0.4,-0.43,-0.47,-0.46
1925.04,-0.49,-0.38,-0.27,-0.42
1925.13,-0.42,-0.39,-0.36,-0.41
1925.21,-0.32,-0.27,-0.12,-0.33
1925.29,-0.18,-0.26,0.03,-0.36
1925.38,-0.33,-0.29,-0.26,-0.29
1925.46,-0.41,-0.33,-0.32,-0.28
1925.54,-0.38,-0.27,-0.34,-0.24
1925.63,-0.2,-0.21,-0.11,-0.23
1925.71,-0.37,-0.2,-0.04,-0.24
1925.79,-0.31,-0.18,-0.25,-0.14
1925.88,-0.01,0.05,0.41,-0.09
1925.96,0.17,0.06,0.51,-0.11
1926.04,0.32,0.21,0.85,-0.09
1926.13,0.21,0.02,0.51,-0.15
1926.21,0.19,0.11,0.59,-0.15
1926.29,-0.09,-0.13,-0.19,-0.09
1926.38,-0.33,-0.23,-0.39,-0.13
1926.46,-0.23,-0.26,-0.24,-0.18
1926.54,-0.2,-0.27,-0.32,-0.25
1926.63,0.03,-0.13,0.03,-0.21
1926.71,0.01,-0.14,0,-0.21
1926.79,-0.11,-0.11,0.11,-0.18
1926.88,0,-0.06,0.22,-0.2
1926.96,-0.28,-0.29,-0.42,-0.19
1927.04,-0.15,-0.27,-0.34,-0.24
1927.13,-0.12,-0.18,-0.12,-0.22
1927.21,-0.37,-0.39,-0.66,-0.26
1927.29,-0.29,-0.3,-0.33,-0.25
1927.38,-0.29,-0.26,-0.19,-0.27
1927.46,-0.26,-0.27,-0.14,-0.3
1927.54,-0.06,-0.19,-0.05,-0.25
1927.63,-0.28,-0.23,-0.22,-0.2
1927.71,-0.08,-0.12,0.19,-0.24
1927.79,0.16,-0.01,0.47,-0.2
1927.88,0.07,-0.06,0.21,-0.15
1927.96,-0.25,-0.33,-0.64,-0.19
1928.04,0.07,-0.02,0.36,-0.19
1928.13,-0.02,-0.09,0.13,-0.24
1928.21,-0.07,-0.25,-0.28,-0.25
1928.29,-0.09,-0.28,-0.24,-0.26
1928.38,-0.29,-0.3,-0.12,-0.29
1928.46,-0.52,-0.39,-0.36,-0.33
1928.54,-0.05,-0.19,-0.06,-0.26
1928.63,-0.03,-0.22,-0.08,-0.29
1928.71,0.01,-0.21,-0.05,-0.29
1928.79,-0.05,-0.19,0.06,-0.29
1928.88,0.1,-0.1,0.34,-0.29
1928.96,-0.04,-0.16,0.1,-0.33
1929.04,-0.25,-0.45,-0.76,-0.37
1929.13,-0.46,-0.58,-1.25,-0.36
1929.21,-0.32,-0.33,-0.1,-0.36
1929.29,-0.39,-0.41,-0.36,-0.35
1929.38,-0.33,-0.38,-0.32,-0.38
1929.46,-0.41,-0.43,-0.45,-0.36
1929.54,-0.4,-0.36,-0.4,-0.34
1929.63,-0.37,-0.32,-0.18,-0.34
1929.71,-0.22,-0.25,-0.22,-0.29
1929.79,0,-0.14,0.1,-0.27
1929.88,0.01,-0.11,0.18,-0.23
1929.96,-0.6,-0.54,-1.28,-0.3
1930.04,-0.21,-0.3,-0.43,-0.36
1930.13,-0.17,-0.27,-0.06,-0.3
1930.21,-0.05,-0.11,0.31,-0.27
1930.29,-0.2,-0.25,-0.18,-0.23
1930.38,-0.13,-0.24,-0.2,-0.23
1930.46,-0.18,-0.22,-0.03,-0.24
1930.54,-0.21,-0.21,0.06,-0.26
1930.63,-0.16,-0.15,0.09,-0.23
1930.71,-0.15,-0.15,-0.2,-0.12
1930.79,-0.28,-0.12,-0.15,-0.03
1930.88,0.12,0.18,0.55,0.01
1930.96,0,-0.05,0.03,-0.08
1931.04,-0.06,-0.1,0.13,-0.1
1931.13,-0.24,-0.2,-0.44,-0.12
1931.21,-0.05,-0.1,0.01,-0.08
1931.29,-0.23,-0.23,-0.21,-0.15
1931.38,-0.19,-0.19,-0.27,-0.15
1931.46,-0.07,-0.08,0.22,-0.14
1931.54,0.09,-0.03,0.26,-0.17
1931.63,0.09,-0.03,0.26,-0.16
1931.71,-0.16,-0.06,0.26,-0.17
1931.79,0.14,0.06,0.56,-0.18
1931.88,0,-0.05,0.17,-0.24
1931.96,0.15,-0.05,0.26,-0.23
1932.04,0.34,0.16,1.04,-0.2
1932.13,-0.26,-0.17,-0.27,-0.14
1932.21,-0.21,-0.18,-0.37,-0.15
1932.29,0.07,-0.05,0.39,-0.23
1932.38,-0.14,-0.17,-0.08,-0.22
1932.46,-0.4,-0.28,-0.06,-0.28
1932.54,-0.2,-0.24,0.01,-0.32
1932.63,-0.14,-0.21,-0.09,-0.3
1932.71,0.08,-0.1,0.26,-0.3
1932.79,0.13,-0.09,0.35,-0.29
1932.88,-0.09,-0.27,-0.15,-0.25
1932.96,-0.14,-0.26,-0.21,-0.27
1933.04,-0.21,-0.23,-0.45,-0.22
1933.13,-0.2,-0.29,-0.63,-0.23
1933.21,-0.21,-0.29,-0.4,-0.26
1933.29,-0.15,-0.24,-0.23,-0.24
1933.38,-0.11,-0.29,-0.22,-0.3
1933.46,-0.27,-0.33,-0.21,-0.33
1933.54,-0.11,-0.21,-0.05,-0.3
1933.63,-0.15,-0.23,-0.01,-0.31
1933.71,-0.1,-0.29,-0.15,-0.34
1933.79,-0.11,-0.24,-0.06,-0.3
1933.88,-0.36,-0.3,-0.04,-0.31
1933.96,-0.45,-0.44,-0.63,-0.31
1934.04,-0.1,-0.21,-0.06,-0.32
1934.13,-0.05,-0.02,0.55,-0.35
1934.21,-0.3,-0.29,-0.35,-0.32
1934.29,-0.3,-0.3,-0.32,-0.26
1934.38,0.03,-0.09,0.34,-0.27
1934.46,-0.16,-0.14,0.05,-0.18
1934.54,-0.02,-0.1,0.05,-0.18
1934.63,0.04,-0.12,-0.02,-0.16
1934.71,-0.02,-0.15,-0.27,-0.13
1934.79,-0.02,-0.06,0.12,-0.17
1934.88,0.11,0.04,0.37,-0.15
1934.96,0.17,-0.02,0.23,-0.19
1935.04,-0.29,-0.34,-0.5,-0.23
1935.13,0.28,0.15,0.99,-0.24
1935.21,0.04,-0.14,0.18,-0.3
1935.29,-0.44,-0.37,-0.61,-0.23
1935.38,-0.32,-0.28,-0.36,-0.24
1935.46,-0.16,-0.26,-0.16,-0.3
1935.54,-0.23,-0.21,0.06,-0.3
1935.63,-0.2,-0.21,-0.02,-0.27
1935.71,-0.36,-0.21,0.01,-0.26
1935.79,0,-0.06,0.14,-0.15
1935.88,-0.29,-0.26,-0.6,-0.13
1935.96,-0.09,-0.17,-0.32,-0.14
1936.04,-0.25,-0.27,-0.4,-0.21
1936.13,-0.38,-0.37,-0.79,-0.17
1936.21,-0.13,-0.2,-0.15,-0.21
1936.29,0,-0.2,-0.27,-0.2
1936.38,-0.24,-0.16,0.09,-0.22
1936.46,-0.17,-0.21,-0.03,-0.27
1936.54,0.16,-0.09,0.31,-0.28
1936.63,0.05,-0.13,0.07,-0.22
1936.71,0.01,-0.09,0,-0.16
1936.79,0.04,-0.02,0.14,-0.11
1936.88,0.11,0.02,0.26,-0.13
1936.96,0.11,-0.01,0.23,-0.15
1937.04,-0.04,-0.07,-0.34,-0.18
1937.13,0.07,0.03,0.32,-0.14
1937.21,-0.23,-0.21,-0.45,-0.12
1937.29,-0.17,-0.16,-0.29,-0.12
1937.38,0.03,-0.05,0.1,-0.15
1937.46,-0.04,-0.05,0.17,-0.12
1937.54,-0.07,-0.03,0.06,-0.08
1937.63,0.07,0.02,0.19,-0.04
1937.71,0.22,0.09,0.36,-0.02
1937.79,0.19,0.09,0.37,-0.06
1937.88,0.28,0.08,0.23,-0.05
1937.96,0,-0.07,-0.3,-0.07
1938.04,0.13,0.08,0.31,-0.12
1938.13,0.13,0.04,0.21,-0.13
1938.21,0.24,0.1,0.44,-0.14
1938.29,0.34,0.07,0.61,-0.18
1938.38,0.12,-0.09,0.21,-0.2
1938.46,-0.11,-0.17,-0.08,-0.2
1938.54,-0.02,-0.09,0.09,-0.2
1938.63,-0.01,-0.05,0.2,-0.16
1938.71,0.11,0.01,0.36,-0.18
1938.79,0.36,0.15,0.49,-0.11
1938.88,0.2,0.08,0.5,-0.19
1938.96,-0.01,-0.12,-0.23,-0.22
1939.04,0,-0.05,0.47,-0.25
1939.13,-0.11,-0.06,0.12,-0.16
1939.21,-0.32,-0.17,-0.28,-0.13
1939.29,-0.15,-0.1,-0.05,-0.11
1939.38,0.02,-0.04,0.27,-0.16
1939.46,-0.06,-0.06,0.16,-0.11
1939.54,-0.1,-0.05,0.12,-0.13
1939.63,-0.22,-0.06,0.15,-0.09
1939.71,-0.08,-0.07,-0.02,-0.08
1939.79,-0.09,-0.04,-0.14,-0.01
1939.88,-0.12,0.07,0.15,0.02
1939.96,0.36,0.43,1.22,0.1
1940.04,-0.16,0,-0.55,0.12
1940.13,0.04,0.08,0.22,0.03
1940.21,0.02,0.09,0.04,0.12
1940.29,0.02,0.17,0.36,0.1
1940.38,0.07,0.11,0.05,0.12
1940.46,0.2,0.12,0.21,0.07
1940.54,0.19,0.13,0.22,0.07
1940.63,0.1,0.07,0.02,0.08
1940.71,0.19,0.15,0.25,0.07
1940.79,0.08,0.11,0.13,0.09
1940.88,0.04,0.16,0.08,0.19
1940.96,0.3,0.31,0.45,0.25
1941.04,0.05,0.18,0.13,0.3
1941.13,0.25,0.31,0.4,0.25
1941.21,-0.05,0.1,-0.04,0.2
1941.29,0.02,0.16,0.21,0.24
1941.38,0.13,0.17,0.2,0.18
1941.46,0.14,0.13,0.26,0.13
1941.54,0.26,0.22,0.31,0.16
1941.63,0.06,0.15,0.21,0.16
1941.71,-0.18,0.02,-0.16,0.16
1941.79,0.13,0.35,0.37,0.37
1941.88,-0.06,0.23,-0.13,0.45
1941.96,0.03,0.22,-0.09,0.37
1942.04,0.18,0.29,0.34,0.16
1942.13,-0.05,0.02,-0.37,0.16
1942.21,-0.05,0.06,0,0.14
1942.29,-0.02,0.1,0.07,0.17
1942.38,0.04,0.11,0.03,0.14
1942.46,-0.01,0.05,0.13,0.06
1942.54,0.06,0.01,-0.11,0.03
1942.63,0.09,-0.04,-0.05,-0.04
1942.71,0.05,-0.03,0.12,-0.1
1942.79,0.02,0.02,0.25,-0.11
1942.88,0.15,0.1,0.37,-0.01
1942.96,0.1,0.12,0.17,0.01
1943.04,-0.17,-0.01,-0.28,0.09
1943.13,0.09,0.17,0.37,0
1943.21,-0.07,-0.03,-0.16,-0.06
1943.29,0.05,0.11,0.24,-0.03
1943.38,-0.07,0.07,0.23,-0.02
1943.46,-0.06,-0.05,-0.26,0
1943.54,0.08,0.09,0.05,0.04
1943.63,-0.19,0.01,-0.08,0.02
1943.71,0.02,0.05,0.02,0.03
1943.79,0.25,0.23,0.51,0.04
1943.88,0.05,0.2,0.14,0.14
1943.96,0.16,0.23,0.54,0.09
1944.04,0.32,0.36,0.89,0.07
1944.13,0.09,0.24,0.41,0.15
1944.21,0.08,0.26,0.22,0.26
1944.29,-0.08,0.19,0.02,0.28
1944.38,-0.12,0.19,0.07,0.26
1944.46,-0.14,0.15,0.06,0.28
1944.54,0.04,0.18,0.1,0.24
1944.63,0.09,0.18,0.18,0.21
1944.71,0.2,0.28,0.4,0.24
1944.79,0.21,0.26,0.42,0.17
1944.88,0.04,0.11,-0.03,0.12
1944.96,-0.18,0.04,-0.43,0.16
1945.04,0.01,0.1,-0.15,0.2
1945.13,-0.09,0.01,-0.6,0.21
1945.21,-0.06,0.06,-0.06,0.12
1945.29,0.14,0.19,0.26,0.19
1945.38,-0.27,0.06,-0.19,0.21
1945.46,-0.27,0.01,-0.12,0.15
1945.54,-0.23,0.04,-0.15,0.16
1945.63,0.23,0.26,0.39,0.23
1945.71,0.02,0.2,0.14,0.25
1945.79,0.02,0.18,0.23,0.16
1945.88,-0.1,0.07,-0.04,0.17
1945.96,-0.35,-0.07,-0.7,0.19
1946.04,-0.03,0.15,0.37,0.09
1946.13,-0.06,0.02,0.42,-0.01
1946.21,-0.1,0.01,0.01,0
1946.29,0.07,0.06,0.45,-0.05
1946.38,0.03,-0.07,0.03,-0.1
1946.46,-0.19,-0.21,-0.23,-0.19
1946.54,0.07,-0.12,0.02,-0.2
1946.63,-0.11,-0.2,-0.07,-0.22
1946.71,0.01,-0.08,0,-0.11
1946.79,-0.18,-0.08,-0.09,-0.03
1946.88,-0.06,-0.05,0.14,-0.15
1946.96,-0.24,-0.31,-0.66,-0.18
1947.04,-0.03,-0.06,-0.14,-0.12
1947.13,0.04,-0.08,-0.05,-0.14
1947.21,0.16,0.06,0.41,-0.13
1947.29,0.12,0.06,0.33,-0.04
1947.38,0.01,-0.02,0.08,-0.06
1947.46,-0.05,-0.02,0,0.02
1947.54,0.06,-0.04,-0.01,-0.07
1947.63,0.09,-0.07,0.07,-0.14
1947.71,0.07,-0.12,0.12,-0.25
1947.79,0.29,0.07,0.6,-0.25
1947.88,0.21,0.02,0.25,-0.19
1947.96,-0.11,-0.13,-0.14,-0.18
1948.04,0.24,0.06,0.77,-0.22
1948.13,-0.08,-0.14,0.02,-0.19
1948.21,-0.21,-0.24,-0.36,-0.21
1948.29,-0.09,-0.12,0.08,-0.15
1948.38,0.03,-0.01,0.21,-0.09
1948.46,0.09,-0.05,0.15,-0.12
1948.54,-0.08,-0.11,0.06,-0.15
1948.63,-0.08,-0.12,0.01,-0.15
1948.71,0,-0.14,0.08,-0.25
1948.79,0.05,-0.05,0.16,-0.21
1948.88,-0.13,-0.12,0.12,-0.22
1948.96,-0.17,-0.24,-0.29,-0.12
1949.04,0.02,0.07,0.54,-0.08
1949.13,-0.29,-0.14,-0.39,-0.04
1949.21,-0.09,-0.02,-0.15,-0.08
1949.29,-0.26,-0.11,0.01,-0.06
1949.38,-0.17,-0.1,0.08,-0.11
1949.46,-0.23,-0.27,-0.21,-0.2
1949.54,-0.06,-0.13,-0.08,-0.11
1949.63,-0.13,-0.13,0.03,-0.17
1949.71,-0.05,-0.14,-0.1,-0.18
1949.79,0.02,-0.06,0.16,-0.17
1949.88,-0.08,-0.1,0.14,-0.2
1949.96,-0.12,-0.18,-0.4,-0.19
1950.04,-0.24,-0.26,-0.7,-0.16
1950.13,-0.28,-0.27,-0.43,-0.18
1950.21,-0.04,-0.08,-0.05,-0.15
1950.29,-0.23,-0.21,-0.33,-0.14
1950.38,-0.24,-0.11,-0.03,-0.1
1950.46,-0.1,-0.05,-0.07,-0.03
1950.54,-0.05,-0.08,-0.19,-0.08
1950.63,-0.32,-0.16,-0.35,-0.06
1950.71,-0.14,-0.11,-0.11,-0.13
1950.79,-0.21,-0.2,-0.17,-0.21
1950.88,-0.34,-0.34,-0.74,-0.23
1950.96,-0.21,-0.22,-0.21,-0.22
1951.04,-0.44,-0.34,-0.52,-0.19
1951.13,-0.49,-0.41,-0.95,-0.19
1951.21,-0.19,-0.2,-0.33,-0.19
1951.29,-0.09,-0.14,-0.12,-0.18
1951.38,-0.01,0,0.17,-0.08
1951.46,-0.17,-0.06,-0.22,0.02
1951.54,-0.16,-0.01,-0.09,0.08
1951.63,0.04,0.06,0.12,0.03
1951.71,-0.04,0.05,0.21,0.01
1951.79,0.03,0.08,0.21,0.02
1951.88,0,-0.01,0.04,-0.01
1951.96,0.15,0.16,0.49,0.03
1952.04,0.07,0.11,0.37,0.04
1952.13,0.1,0.11,0.19,0.07
1952.21,-0.15,-0.08,-0.39,0.06
1952.29,-0.05,0.03,0.1,0.03
1952.38,-0.13,-0.03,0.03,-0.02
1952.46,-0.08,-0.03,0.01,-0.02
1952.54,0.08,0.04,0.23,-0.04
1952.63,0.12,0.05,0.13,0
1952.71,0.13,0.07,0.17,0.01
1952.79,-0.03,0,-0.18,0.06
1952.88,-0.19,-0.13,-0.68,0.02
1952.96,-0.05,-0.02,-0.16,0
1953.04,0.06,0.07,0.35,-0.02
1953.13,0.06,0.15,0.49,0
1953.21,0.15,0.11,0.45,0.01
1953.29,0.15,0.19,0.4,0.05
1953.38,0.03,0.11,0.22,0.08
1953.46,0.01,0.12,0.19,0.1
1953.54,-0.07,0.01,0.02,0.02
1953.63,0.1,0.05,0.22,-0.01
1953.71,0.09,0.04,0.19,-0.02
1953.79,0.08,0.08,0.24,0
1953.88,0.05,-0.03,-0.18,-0.04
1953.96,0.19,0.05,0.29,-0.08
1954.04,-0.26,-0.24,-0.59,-0.09
1954.13,-0.04,-0.1,-0.11,-0.09
1954.21,-0.08,-0.15,-0.22,-0.11
1954.29,-0.12,-0.14,-0.21,-0.15
1954.38,-0.18,-0.2,-0.35,-0.18
1954.46,-0.21,-0.19,-0.08,-0.19
1954.54,-0.25,-0.19,-0.17,-0.2
1954.63,-0.23,-0.17,-0.02,-0.22
1954.71,-0.17,-0.1,0.07,-0.17
1954.79,0.05,-0.02,0.19,-0.19
1954.88,0.2,0.08,0.52,-0.19
1954.96,-0.08,-0.18,-0.22,-0.26
1955.04,0.24,0.13,0.71,-0.18
1955.13,-0.07,-0.16,-0.03,-0.19
1955.21,-0.35,-0.32,-0.72,-0.16
1955.29,-0.19,-0.22,-0.34,-0.21
1955.38,-0.16,-0.2,-0.12,-0.22
1955.46,-0.22,-0.14,-0.01,-0.21
1955.54,-0.12,-0.11,-0.09,-0.15
1955.63,0.15,0.02,0.35,-0.19
1955.71,-0.08,-0.11,-0.06,-0.16
1955.79,0.01,-0.05,0.25,-0.26
1955.88,-0.27,-0.25,-0.27,-0.19
1955.96,-0.29,-0.28,-0.46,-0.2
1956.04,-0.19,-0.13,-0.29,-0.11
1956.13,-0.31,-0.24,-0.62,-0.15
1956.21,-0.28,-0.21,-0.49,-0.13
1956.29,-0.25,-0.28,-0.5,-0.2
1956.38,-0.28,-0.29,-0.47,-0.2
1956.46,-0.06,-0.15,-0.2,-0.18
1956.54,-0.07,-0.09,-0.12,-0.15
1956.63,-0.34,-0.25,-0.49,-0.14
1956.71,-0.14,-0.19,-0.28,-0.19
1956.79,-0.22,-0.23,-0.36,-0.12
1956.88,-0.22,-0.15,-0.39,-0.07
1956.96,-0.17,-0.06,-0.3,-0.04
1957.04,-0.09,-0.09,-0.33,-0.04
1957.13,-0.01,-0.03,-0.16,-0.04
1957.21,-0.05,-0.05,-0.22,-0.01
1957.29,0.04,0,-0.2,0.05
1957.38,0.03,0.09,-0.07,0.16
1957.46,0.19,0.16,0.22,0.11
1957.54,-0.04,0.02,-0.19,0.14
1957.63,0.19,0.15,0.19,0.11
1957.71,0.15,0.09,0.12,0.05
1957.79,0.03,0.01,0,0.01
1957.88,0.19,0.08,0.25,0.02
1957.96,0.21,0.15,0.61,0.06
1958.04,0.44,0.39,0.91,0.1
1958.13,0.26,0.22,0.47,0.1
1958.21,0.17,0.09,0.06,0.09
1958.29,0.08,0.01,-0.04,0.1
1958.38,0.14,0.06,0.26,0
1958.46,-0.21,-0.08,-0.32,0.09
1958.54,0.08,0.05,0.14,0.06
1958.63,-0.1,-0.05,-0.21,0.08
1958.71,-0.09,-0.02,-0.16,0.07
1958.79,0.1,0.04,0.03,0.05
1958.88,0.1,0.02,0.13,0.02
1958.96,-0.07,0.01,0,0.06
1959.04,0.04,0.08,0.15,0.04
1959.13,0.08,0.07,0.04,0.05
1959.21,0.23,0.18,0.52,0.02
1959.29,0.24,0.16,0.43,-0.01
1959.38,0,0.04,0.03,0.04
1959.46,0.09,0.03,0.12,0
1959.54,0.05,0.03,0.16,0
1959.63,0.01,-0.01,0.04,0
1959.71,-0.15,-0.06,-0.15,0.03
1959.79,-0.08,-0.07,-0.23,0.03
1959.88,-0.06,-0.08,-0.4,-0.02
1959.96,0.11,0,0.02,-0.04
1960.04,0.05,0,0,-0.03
1960.13,0.25,0.13,0.53,-0.02
1960.21,-0.51,-0.35,-1.06,0.01
1960.29,-0.24,-0.15,-0.32,-0.02
1960.38,-0.15,-0.08,-0.43,0.03
1960.46,-0.04,-0.04,-0.01,-0.07
1960.54,-0.13,-0.04,-0.17,0.02
1960.63,0.06,0.02,-0.02,0.03
1960.71,0.07,0.07,0.08,0.06
1960.79,0.11,0.06,0.08,0.02
1960.88,-0.08,-0.11,-0.25,-0.01
1960.96,0.19,0.19,0.45,0.03
1961.04,0.1,0.07,0.24,0.03
1961.13,0.22,0.19,0.44,0.09
1961.21,0.03,0.09,0.25,0.08
1961.29,0.14,0.13,0.18,0.07
1961.38,0.18,0.12,0.28,0.06
1961.46,0.16,0.12,0.29,0.04
1961.54,0.06,0.01,0.04,0
1961.63,0.07,0.01,0.1,0.01
1961.71,0.22,0.08,0.24,-0.01
1961.79,0.11,0,-0.06,-0.01
1961.88,0.09,0.03,0.06,-0.02
1961.96,-0.16,-0.16,-0.37,-0.01
1962.04,0.03,0.05,0.23,-0.01
1962.13,0.18,0.15,0.45,-0.01
1962.21,0.1,0.1,0.24,0.01
1962.29,0.07,0.05,0.11,-0.02
1962.38,-0.13,-0.06,-0.14,0.03
1962.46,0.04,0.03,-0.04,0.03
1962.54,-0.11,0.02,-0.12,0.09
1962.63,-0.05,-0.01,-0.09,0.02
1962.71,0.01,0,-0.05,0.07
1962.79,0.05,0.01,0.08,0.02
1962.88,0.11,0.06,0.15,-0.02
1962.96,-0.01,-0.03,0.08,-0.03
1963.04,0,-0.03,0.05,-0.05
1963.13,0.23,0.18,0.68,-0.01
1963.21,-0.21,-0.14,-0.16,-0.01
1963.29,-0.2,-0.07,-0.32,0.03
1963.38,-0.14,-0.06,-0.27,0.06
1963.46,0.04,0.05,0.04,0.04
1963.54,0.04,0.06,0.14,0.03
1963.63,0.18,0.22,0.43,0.1
1963.71,0.24,0.18,0.49,0.05
1963.79,0.14,0.14,0.59,0.01
1963.88,0.09,0.15,0.41,0.05
1963.96,-0.04,-0.03,-0.12,0.04
1964.04,-0.06,-0.09,0.04,-0.02
1964.13,-0.11,-0.1,-0.24,-0.05
1964.21,-0.23,-0.21,-0.33,-0.08
1964.29,-0.35,-0.32,-0.53,-0.13
1964.38,-0.32,-0.25,-0.32,-0.13
1964.46,-0.12,-0.04,0.01,-0.08
1964.54,-0.05,-0.04,-0.01,-0.09
1964.63,-0.29,-0.22,-0.2,-0.16
1964.71,-0.38,-0.29,-0.48,-0.17
1964.79,-0.33,-0.32,-0.58,-0.2
1964.88,-0.2,-0.21,-0.09,-0.25
1964.96,-0.32,-0.3,-0.45,-0.27
1965.04,-0.03,-0.08,0.11,-0.18
1965.13,-0.16,-0.17,-0.23,-0.14
1965.21,-0.12,-0.13,-0.17,-0.15
1965.29,-0.24,-0.19,-0.41,-0.12
1965.38,-0.09,-0.12,-0.03,-0.14
1965.46,-0.09,-0.08,-0.03,-0.09
1965.54,-0.24,-0.13,-0.27,-0.08
1965.63,-0.07,-0.04,-0.04,-0.04
1965.71,-0.21,-0.15,-0.37,-0.02
1965.79,-0.08,-0.05,0.05,-0.05
1965.88,-0.08,-0.06,-0.27,-0.05
1965.96,-0.18,-0.08,-0.01,-0.05
1966.04,-0.21,-0.19,-0.25,-0.04
1966.13,-0.05,-0.04,0.03,-0.06
1966.21,0.14,0.03,0.28,-0.04
1966.29,-0.09,-0.13,-0.28,-0.04
1966.38,-0.09,-0.12,-0.14,-0.08
1966.46,-0.02,0.01,0.07,-0.04
1966.54,0.09,0.08,0.26,0
1966.63,-0.1,-0.09,-0.1,-0.06
1966.71,-0.03,-0.03,0.04,-0.06
1966.79,-0.27,-0.17,-0.19,-0.05
1966.88,0,-0.01,-0.03,-0.02
1966.96,-0.06,-0.03,-0.32,-0.01
1967.04,-0.06,-0.08,0.03,-0.08
1967.13,-0.26,-0.21,-0.33,-0.08
1967.21,0.03,0.05,0.14,-0.06
1967.29,-0.08,-0.05,-0.03,-0.06
1967.38,0.16,0.12,0.28,0
1967.46,-0.1,-0.08,-0.27,0.01
1967.54,0.06,0.02,0.05,-0.02
1967.63,0.04,0.01,-0.06,0
1967.71,0.01,-0.06,-0.06,-0.07
1967.79,0.12,0.09,0.36,-0.05
1967.88,0.04,-0.05,0.05,-0.11
1967.96,-0.02,-0.05,0.05,-0.15
1968.04,-0.24,-0.26,-0.39,-0.21
1968.13,-0.15,-0.14,-0.11,-0.17
1968.21,0.32,0.2,0.86,-0.18
1968.29,-0.11,-0.06,0.05,-0.12
1968.38,-0.2,-0.14,-0.29,-0.08
1968.46,-0.16,-0.09,-0.28,0
1968.54,-0.15,-0.13,-0.28,-0.03
1968.63,-0.08,-0.09,-0.26,0
1968.71,-0.28,-0.19,-0.46,0.01
1968.79,0.04,0.09,0.11,0.07
1968.88,-0.11,-0.05,-0.15,0.09
1968.96,-0.22,-0.15,-0.57,0.13
1969.04,-0.15,-0.11,-0.89,0.18
1969.13,-0.31,-0.18,-0.97,0.19
1969.21,-0.08,0.01,-0.25,0.23
1969.29,0.11,0.17,0.13,0.24
1969.38,0.17,0.18,0.1,0.22
1969.46,0.06,0.03,-0.06,0.09
1969.54,-0.06,-0.04,-0.13,0.05
1969.63,-0.08,0.03,-0.05,0.09
1969.71,0.01,0.08,-0.03,0.1
1969.79,0.04,0.09,0,0.09
1969.88,0.07,0.12,0.24,0.1
1969.96,0.32,0.24,0.33,0.13
1970.04,0.04,0.08,0.01,0.13
1970.13,0.28,0.22,0.56,0.08
1970.21,0.08,0.06,-0.09,0.08
1970.29,0.05,0.05,0.13,0.09
1970.38,-0.06,-0.03,-0.08,0.03
1970.46,0.1,-0.03,0.05,-0.06
1970.54,0.15,0.01,0.13,-0.08
1970.63,-0.12,-0.1,-0.17,-0.02
1970.71,0.16,0.12,0.23,-0.01
1970.79,0.06,0.03,-0.04,0.03
1970.88,0.03,0.02,-0.04,0.02
1970.96,-0.1,-0.12,-0.28,-0.05
1971.04,-0.03,-0.02,0.2,-0.07
1971.13,-0.09,-0.15,-0.28,-0.16
1971.21,-0.2,-0.18,-0.28,-0.14
1971.29,-0.06,-0.07,-0.06,-0.09
1971.38,-0.07,-0.05,-0.03,-0.09
1971.46,-0.19,-0.16,-0.3,-0.13
1971.54,-0.06,-0.08,-0.12,-0.09
1971.63,0.06,-0.01,0.06,-0.1
1971.71,0.01,-0.06,0.07,-0.17
1971.79,0.03,-0.04,0.08,-0.14
1971.88,-0.13,-0.07,0.2,-0.14
1971.96,-0.07,-0.08,0.09,-0.16
1972.04,-0.28,-0.22,-0.73,-0.02
1972.13,-0.33,-0.18,-0.67,0.05
1972.21,-0.06,0.02,-0.02,-0.01
1972.29,-0.04,0,-0.05,0.06
1972.38,-0.02,-0.03,-0.1,0
1972.46,0.08,0.04,0.05,0.04
1972.54,0.06,0.01,-0.1,0.06
1972.63,0.2,0.16,0.33,0.06
1972.71,0.07,0.02,-0.16,0.07
1972.79,-0.04,0.08,-0.05,0.14
1972.88,-0.07,0.02,-0.27,0.2
1972.96,0.12,0.18,-0.05,0.29
1973.04,0.26,0.29,0.35,0.26
1973.13,0.34,0.32,0.62,0.22
1973.21,0.38,0.29,0.62,0.18
1973.29,0.36,0.27,0.48,0.17
1973.38,0.3,0.23,0.4,0.14
1973.46,0.28,0.19,0.41,0.07
1973.54,0.22,0.12,0.19,0.07
1973.63,0.05,0.05,0.07,0.04
1973.71,0.08,0.09,0.14,0.07
1973.79,0.12,0.1,0.23,0.03
1973.88,0.08,0.04,0.1,0
1973.96,-0.02,-0.07,0.08,-0.1
1974.04,-0.02,-0.1,-0.3,-0.09
1974.13,-0.23,-0.27,-0.56,-0.12
1974.21,-0.02,-0.05,0.03,-0.14
1974.29,-0.1,-0.11,-0.02,-0.13
1974.38,-0.02,-0.04,-0.08,-0.07
1974.46,0.03,-0.05,-0.03,-0.09
1974.54,-0.01,-0.03,-0.01,-0.06
1974.63,0.12,0.1,0.16,0
1974.71,-0.09,-0.08,-0.22,-0.02
1974.79,-0.05,-0.06,-0.16,-0.02
1974.88,-0.09,-0.08,-0.17,-0.03
1974.96,-0.03,-0.08,-0.21,-0.04
1975.04,0.1,0.1,0.45,-0.02
1975.13,0.12,0.08,0.19,-0.04
1975.21,0.14,0.12,0.43,-0.03
1975.29,0.03,0.04,0.16,-0.04
1975.38,0.24,0.16,0.48,-0.04
1975.46,0.01,-0.01,0.1,-0.08
1975.54,0.06,-0.01,0.08,-0.07
1975.63,-0.22,-0.17,-0.28,-0.09
1975.71,-0.02,-0.02,0.1,-0.09
1975.79,-0.06,-0.11,-0.01,-0.16
1975.88,-0.13,-0.17,-0.09,-0.19
1975.96,-0.21,-0.17,-0.09,-0.21
1976.04,-0.04,-0.03,0.28,-0.18
1976.13,-0.1,-0.06,-0.04,-0.11
1976.21,-0.35,-0.22,-0.61,-0.09
1976.29,-0.22,-0.07,-0.12,-0.07
1976.38,-0.2,-0.21,-0.32,-0.14
1976.46,-0.16,-0.12,-0.25,-0.07
1976.54,-0.19,-0.1,-0.19,-0.05
1976.63,-0.23,-0.12,-0.32,-0.02
1976.71,-0.14,-0.07,-0.13,-0.04
1976.79,-0.37,-0.24,-0.84,0.08
1976.88,-0.24,-0.06,-0.45,0.14
1976.96,-0.03,0.11,-0.06,0.22
1977.04,0.13,0.18,-0.32,0.26
1977.13,0.22,0.23,0.29,0.23
1977.21,0.29,0.24,0.61,0.17
1977.29,0.3,0.26,0.5,0.16
1977.38,0.32,0.33,0.58,0.15
1977.46,0.34,0.27,0.48,0.13
1977.54,0.27,0.2,0.38,0.09
1977.63,0.29,0.18,0.23,0.09
1977.71,-0.11,0.02,-0.12,0.15
1977.79,-0.03,0.03,-0.19,0.15
1977.88,0.21,0.16,0.4,0.08
1977.96,0.11,0.03,-0.04,0.06
1978.04,0.1,0.06,0,0.11
1978.13,0.14,0.1,0.11,0.1
1978.21,0.23,0.19,0.37,0.1
1978.29,0.28,0.17,0.4,0.07
1978.38,0.23,0.09,0.09,0.05
1978.46,0,-0.01,-0.18,0.08
1978.54,0.2,0.04,0.06,0.05
1978.63,-0.15,-0.13,-0.44,0.04
1978.71,0.12,0.06,0.06,0.05
1978.79,0.03,0.03,0.04,0.05
1978.88,0.09,0.14,0.17,0.13
1978.96,0.07,0.08,-0.03,0.14
1979.04,0.09,0.09,-0.11,0.17
1979.13,-0.13,-0.1,-0.29,0.16
1979.21,0.24,0.19,0.29,0.18
1979.29,0.23,0.15,0.03,0.22
1979.38,-0.03,0.04,-0.15,0.15
1979.46,0.18,0.14,0.04,0.21
1979.54,0.02,0.04,-0.19,0.18
1979.63,0.13,0.17,0.1,0.21
1979.71,0.25,0.25,0.26,0.23
1979.79,0.25,0.26,0.27,0.25
1979.88,0.28,0.28,0.24,0.28
1979.96,0.51,0.48,0.88,0.31
1980.04,0.33,0.29,0.25,0.32
1980.13,0.38,0.39,0.41,0.31
1980.21,0.37,0.29,0.12,0.33
1980.29,0.36,0.3,0.43,0.28
1980.38,0.46,0.35,0.49,0.27
1980.46,0.22,0.2,0.19,0.23
1980.54,0.29,0.22,0.33,0.21
1980.63,0.25,0.18,0.28,0.15
1980.71,0.32,0.2,0.29,0.17
1980.79,0.15,0.13,0.13,0.12
1980.88,0.27,0.3,0.72,0.19
1980.96,0.18,0.22,0.36,0.2
1981.04,0.58,0.53,1.15,0.15
1981.13,0.53,0.42,0.92,0.13
1981.21,0.63,0.48,1.04,0.18
1981.29,0.47,0.32,0.57,0.19
1981.38,0.32,0.25,0.28,0.2
1981.46,0.31,0.29,0.28,0.24
1981.54,0.45,0.32,0.45,0.2
1981.63,0.52,0.35,0.72,0.12
1981.71,0.22,0.15,0.11,0.16
1981.79,0.05,0.12,-0.08,0.18
1981.88,0.2,0.23,0.18,0.2
1981.96,0.44,0.41,0.72,0.25
1982.04,0,0.04,-0.2,0.22
1982.13,0.23,0.15,0.09,0.14
1982.21,0,0.03,-0.25,0.16
1982.29,0.07,0.15,0.19,0.17
1982.38,0.25,0.18,0.18,0.18
1982.46,-0.01,0.05,-0.16,0.16
1982.54,0.18,0.14,0.28,0.08
1982.63,0,0.03,-0.1,0.1
1982.71,0.03,0.14,0.01,0.21
1982.79,-0.03,0.13,-0.06,0.26
1982.88,0.15,0.18,0.07,0.27
1982.96,0.36,0.42,0.68,0.3
1983.04,0.46,0.53,0.89,0.35
1983.13,0.41,0.43,0.7,0.34
1983.21,0.44,0.41,0.54,0.3
1983.29,0.34,0.27,0.27,0.29
1983.38,0.42,0.34,0.43,0.28
1983.46,0.24,0.22,0.08,0.29
1983.54,0.17,0.18,0.12,0.23
1983.63,0.44,0.35,0.54,0.24
1983.71,0.5,0.37,0.62,0.21
1983.79,0.21,0.17,0.14,0.2
1983.88,0.29,0.3,0.64,0.21
1983.96,0.16,0.17,0.06,0.2
1984.04,0.23,0.31,0.4,0.21
1984.13,0.07,0.14,-0.02,0.23
1984.21,0.31,0.26,0.39,0.21
1984.29,0.08,0.06,-0.07,0.16
1984.38,0.45,0.33,0.63,0.14
1984.46,-0.03,0.02,-0.16,0.1
1984.54,0.17,0.19,0.26,0.11
1984.63,0.27,0.19,0.22,0.15
1984.71,0.22,0.21,0.03,0.23
1984.79,0.14,0.13,0.03,0.13
1984.88,0.09,0.06,-0.14,0.13
1984.96,-0.03,-0.04,-0.58,0.13
1985.04,0.28,0.22,0.32,0.12
1985.13,0.01,-0.04,-0.5,0.16
1985.21,0.2,0.17,0.22,0.13
1985.29,0.17,0.12,0.31,0.1
1985.38,0.1,0.14,0.17,0.13
1985.46,0.21,0.15,0.19,0.09
1985.54,0.02,0.04,-0.16,0.11
1985.63,0.31,0.16,0.28,0.06
1985.71,0.18,0.13,-0.05,0.14
1985.79,0.09,0.11,0.02,0.14
1985.88,0.01,0.05,-0.17,0.12
1985.96,0.07,0.14,-0.04,0.15
1986.04,0.33,0.26,0.73,0.11
1986.13,0.46,0.37,0.7,0.14
1986.21,0.37,0.3,0.65,0.13
1986.29,0.33,0.22,0.48,0.12
1986.38,0.27,0.21,0.37,0.12
1986.46,0.09,0.12,0.06,0.15
1986.54,0.09,0.11,0.03,0.15
1986.63,0.23,0.16,0.19,0.14
1986.71,-0.01,0.03,-0.18,0.18
1986.79,0.1,0.15,-0.02,0.25
1986.88,0.05,0.1,-0.12,0.22
1986.96,0.11,0.13,0.01,0.22
1987.04,0.32,0.32,0.48,0.24
1987.13,0.47,0.43,1.03,0.23
1987.21,0.22,0.18,0.03,0.28
1987.29,0.35,0.24,0.23,0.27
1987.38,0.24,0.25,0.25,0.3
1987.46,0.48,0.35,0.48,0.27
1987.54,0.47,0.4,0.6,0.32
1987.63,0.16,0.24,0.03,0.37
1987.71,0.27,0.35,0.35,0.39
1987.79,0.34,0.32,0.19,0.37
1987.88,0.32,0.29,0.08,0.43
1987.96,0.5,0.46,0.78,0.36
1988.04,0.6,0.56,0.83,0.42
1988.13,0.45,0.44,0.34,0.42
1988.21,0.58,0.51,0.76,0.39
1988.29,0.44,0.42,0.62,0.34
1988.38,0.59,0.44,0.65,0.28
1988.46,0.5,0.4,0.65,0.25
1988.54,0.39,0.33,0.49,0.22
1988.63,0.44,0.39,0.7,0.23
1988.71,0.48,0.36,0.61,0.22
1988.79,0.49,0.37,0.67,0.22
1988.88,0.14,0.12,0.3,0.15
1988.96,0.3,0.29,0.64,0.13
1989.04,0.16,0.12,0.17,0.16
1989.13,0.33,0.3,0.32,0.15
1989.21,0.39,0.36,0.66,0.17
1989.29,0.35,0.29,0.35,0.21
1989.38,0.16,0.17,0.08,0.21
1989.46,0.11,0.15,-0.03,0.21
1989.54,0.43,0.34,0.4,0.25
1989.63,0.43,0.33,0.4,0.27
1989.71,0.44,0.34,0.37,0.27
1989.79,0.36,0.29,0.39,0.23
1989.88,0.19,0.2,0.19,0.26
1989.96,0.37,0.37,0.62,0.26
1990.04,0.49,0.41,0.71,0.26
1990.13,0.43,0.43,0.63,0.34
1990.21,0.9,0.8,1.53,0.34
1990.29,0.62,0.56,0.77,0.35
1990.38,0.48,0.45,0.51,0.36
1990.46,0.39,0.37,0.47,0.32
1990.54,0.67,0.45,0.52,0.35
1990.63,0.44,0.34,0.39,0.32
1990.71,0.17,0.23,0.1,0.3
1990.79,0.55,0.44,0.63,0.36
1990.88,0.55,0.46,0.88,0.35
1990.96,0.46,0.4,0.69,0.33
1991.04,0.47,0.42,0.64,0.31
1991.13,0.57,0.49,0.94,0.29
1991.21,0.44,0.35,0.36,0.3
1991.29,0.65,0.51,0.81,0.37
1991.38,0.36,0.34,0.33,0.34
1991.46,0.61,0.53,0.82,0.34
1991.54,0.57,0.47,0.68,0.32
1991.63,0.52,0.39,0.51,0.29
1991.71,0.51,0.44,0.67,0.26
1991.79,0.3,0.29,0.43,0.22
1991.88,0.28,0.29,0.35,0.25
1991.96,0.28,0.32,0.34,0.25
1992.04,0.53,0.47,1.01,0.23
1992.13,0.38,0.4,0.74,0.27
1992.21,0.54,0.48,0.74,0.28
1992.29,0.26,0.27,0.24,0.31
1992.38,0.23,0.31,0.3,0.32
1992.46,0.28,0.25,0.2,0.31
1992.54,0,0.08,-0.19,0.2
1992.63,0.11,0.08,-0.04,0.13
1992.71,-0.08,-0.01,-0.31,0.14
1992.79,0.01,0.06,0.05,0.12
1992.88,0,0.03,-0.15,0.12
1992.96,0.23,0.22,0.36,0.15
1993.04,0.31,0.34,0.62,0.22
1993.13,0.36,0.37,0.54,0.22
1993.21,0.31,0.36,0.65,0.23
1993.29,0.3,0.27,0.27,0.25
1993.38,0.27,0.28,0.2,0.28
1993.46,0.19,0.23,0.08,0.27
1993.54,0.32,0.25,0.26,0.19
1993.63,0.17,0.11,-0.02,0.17
1993.71,0.12,0.11,-0.08,0.2
1993.79,0.26,0.23,0.24,0.19
1993.88,0.06,0.03,-0.43,0.2
1993.96,0.24,0.18,0.33,0.16
1994.04,0.37,0.26,0.49,0.16
1994.13,0.07,0.02,-0.37,0.17
1994.21,0.27,0.29,0.5,0.22
1994.29,0.52,0.41,0.68,0.24
1994.38,0.24,0.28,0.4,0.25
1994.46,0.55,0.43,0.78,0.23
1994.54,0.38,0.3,0.45,0.23
1994.63,0.25,0.21,0.21,0.23
1994.71,0.39,0.31,0.49,0.2
1994.79,0.41,0.42,0.67,0.29
1994.88,0.48,0.44,0.71,0.32
1994.96,0.47,0.39,0.47,0.33
1995.04,0.55,0.52,0.98,0.3
1995.13,0.92,0.79,1.57,0.32
1995.21,0.5,0.46,0.74,0.31
1995.29,0.55,0.46,0.57,0.29
1995.38,0.38,0.27,0.28,0.24
1995.46,0.52,0.43,0.7,0.27
1995.54,0.61,0.45,0.79,0.3
1995.63,0.57,0.45,0.75,0.3
1995.71,0.44,0.33,0.49,0.24
1995.79,0.64,0.47,0.79,0.25
1995.88,0.48,0.44,0.73,0.29
1995.96,0.33,0.26,0.39,0.22
1996.04,0.36,0.24,0.19,0.2
1996.13,0.52,0.45,0.71,0.25
1996.21,0.44,0.32,0.18,0.27
1996.29,0.44,0.33,0.29,0.27
1996.38,0.35,0.27,0.3,0.24
1996.46,0.32,0.25,0.26,0.26
1996.54,0.55,0.36,0.59,0.21
1996.63,0.72,0.48,0.79,0.26
1996.71,0.41,0.25,0.24,0.24
1996.79,0.39,0.24,0.28,0.21
1996.88,0.45,0.38,0.4,0.22
1996.96,0.46,0.37,0.57,0.23
1997.04,0.48,0.33,0.64,0.2
1997.13,0.57,0.4,0.68,0.26
1997.21,0.58,0.52,0.78,0.3
1997.29,0.32,0.33,0.4,0.29
1997.38,0.37,0.34,0.29,0.34
1997.46,0.68,0.54,0.75,0.4
1997.54,0.31,0.34,0.24,0.43
1997.63,0.43,0.41,0.44,0.45
1997.71,0.46,0.51,0.6,0.5
1997.79,0.58,0.61,0.76,0.52
1997.88,0.7,0.64,0.75,0.51
1997.96,0.69,0.59,0.71,0.53
1998.04,0.68,0.57,0.72,0.5
1998.13,1.17,0.88,1.7,0.51
1998.21,0.82,0.63,0.8,0.49
1998.29,0.77,0.63,0.87,0.5
1998.38,0.89,0.68,0.97,0.51
1998.46,1.01,0.77,1.1,0.5
1998.54,0.88,0.66,1.03,0.47
1998.63,0.85,0.65,1.04,0.45
1998.71,0.59,0.41,0.63,0.31
1998.79,0.61,0.41,0.61,0.33
1998.88,0.59,0.43,0.37,0.37
1998.96,0.78,0.54,0.99,0.31
1999.04,0.71,0.48,0.99,0.25
1999.13,0.85,0.64,1.53,0.24
1999.21,0.44,0.32,0.24,0.32
1999.29,0.37,0.32,0.41,0.29
1999.38,0.41,0.26,0.35,0.23
1999.46,0.57,0.36,0.58,0.22
1999.54,0.64,0.38,0.65,0.2
1999.63,0.53,0.31,0.54,0.19
1999.71,0.62,0.38,0.64,0.19
1999.79,0.53,0.34,0.61,0.17
1999.88,0.53,0.37,0.63,0.18
1999.96,0.47,0.4,0.88,0.21
2000.04,0.28,0.24,0.34,0.21
2000.13,0.76,0.56,1.05,0.24
2000.21,0.64,0.55,1,0.25
2000.29,0.7,0.56,1.17,0.26
2000.38,0.5,0.36,0.6,0.23
2000.46,0.64,0.4,0.67,0.2
2000.54,0.59,0.39,0.58,0.23
2000.63,0.6,0.42,0.75,0.27
2000.71,0.54,0.38,0.52,0.3
2000.79,0.32,0.26,0.14,0.3
2000.88,0.45,0.3,0.18,0.27
2000.96,0.43,0.28,0.16,0.27
2001.04,0.65,0.45,0.72,0.27
2001.13,0.63,0.44,0.58,0.29
2001.21,0.69,0.55,1.03,0.35
2001.29,0.58,0.5,0.81,0.38
2001.38,0.71,0.57,0.96,0.38
2001.46,0.63,0.52,0.66,0.41
2001.54,0.67,0.59,0.87,0.42
2001.63,0.63,0.49,0.67,0.41
2001.71,0.65,0.51,0.67,0.4
2001.79,0.61,0.5,0.58,0.42
2001.88,0.84,0.72,1.3,0.4
2001.96,0.73,0.55,0.68,0.4
2002.04,0.99,0.77,1.56,0.38
2002.13,0.95,0.78,1.71,0.4
2002.21,1.07,0.88,1.57,0.44
2002.29,0.81,0.58,0.82,0.44
2002.38,0.85,0.64,0.97,0.44
2002.46,0.59,0.53,0.64,0.46
2002.54,0.82,0.61,1.06,0.4
2002.63,0.71,0.53,0.78,0.38
2002.71,0.85,0.63,0.97,0.39
2002.79,0.65,0.54,0.59,0.41
2002.88,0.68,0.59,0.9,0.39
2002.96,0.56,0.44,0.24,0.43
2003.04,0.95,0.74,1.35,0.39
2003.13,0.76,0.58,0.94,0.42
2003.21,0.74,0.6,0.87,0.45
2003.29,0.68,0.55,0.75,0.42
2003.38,0.84,0.6,0.87,0.41
2003.46,0.63,0.48,0.59,0.42
2003.54,0.72,0.58,0.76,0.45
2003.63,0.79,0.65,0.9,0.5
2003.71,0.78,0.62,0.79,0.5
2003.79,0.82,0.72,1.09,0.51
2003.88,0.63,0.53,0.64,0.45
2003.96,0.88,0.75,1.39,0.42
2004.04,0.7,0.58,0.92,0.43
2004.13,0.92,0.72,1.31,0.46
2004.21,0.77,0.63,1.14,0.43
2004.29,0.75,0.61,0.87,0.46
2004.38,0.45,0.37,0.37,0.38
2004.46,0.69,0.44,0.52,0.37
2004.54,0.23,0.26,0,0.43
2004.63,0.61,0.45,0.44,0.45
2004.71,0.55,0.5,0.61,0.45
2004.79,0.76,0.61,0.86,0.46
2004.88,0.91,0.72,1.32,0.45
2004.96,0.7,0.5,0.63,0.43
2005.04,0.97,0.74,1.22,0.42
2005.13,0.87,0.6,0.77,0.4
2005.21,0.99,0.74,1.31,0.43
2005.29,0.82,0.67,1.15,0.43
2005.38,0.76,0.63,0.88,0.46
2005.46,0.81,0.64,1.04,0.45
2005.54,0.77,0.61,0.94,0.48
2005.63,0.74,0.6,0.81,0.48
2005.71,0.96,0.71,1.2,0.44
2005.79,0.99,0.75,1.29,0.4
2005.88,0.91,0.73,1.39,0.38
2005.96,0.9,0.68,1.11,0.36
2006.04,0.78,0.56,0.73,0.37
2006.13,0.99,0.73,1.22,0.37
2006.21,0.82,0.63,1.07,0.36
2006.29,0.64,0.47,0.6,0.4
2006.38,0.5,0.48,0.48,0.42
2006.46,0.82,0.66,1.08,0.44
2006.54,0.7,0.54,0.78,0.44
2006.63,0.88,0.7,1.15,0.46
2006.71,0.81,0.65,0.89,0.47
2006.79,0.92,0.7,1.05,0.44
2006.88,0.93,0.74,0.99,0.48
2006.96,0.97,0.79,1.33,0.45
2007.04,1.28,1.02,2.02,0.44
2007.13,0.93,0.7,1.11,0.42
2007.21,0.96,0.71,1.29,0.37
2007.29,0.98,0.76,1.36,0.37
2007.38,0.98,0.68,1.28,0.35
2007.46,0.74,0.61,0.96,0.4
2007.54,0.8,0.59,0.96,0.37
2007.63,0.87,0.6,1.04,0.32
2007.71,0.83,0.59,1.02,0.33
2007.79,0.82,0.58,1.01,0.3
2007.88,0.74,0.59,1.1,0.24
2007.96,0.74,0.5,0.91,0.2
2008.04,0.51,0.3,0.27,0.22
2008.13,0.49,0.38,0.54,0.23
2008.21,0.92,0.75,1.75,0.27
2008.29,0.68,0.54,0.91,0.28
2008.38,0.6,0.5,0.75,0.3
2008.46,0.57,0.49,0.69,0.35
2008.54,0.77,0.6,0.97,0.39
2008.63,0.44,0.46,0.56,0.42
2008.71,0.8,0.61,0.81,0.41
2008.79,0.82,0.67,1.12,0.4
2008.88,0.85,0.68,1.25,0.36
2008.96,0.69,0.54,0.72,0.37
2009.04,0.79,0.65,1.05,0.35
2009.13,0.76,0.52,0.96,0.31
2009.21,0.68,0.53,0.93,0.36
2009.29,0.77,0.61,0.98,0.4
2009.38,0.84,0.65,0.92,0.46
2009.46,0.81,0.64,0.81,0.56
2009.54,0.93,0.74,0.99,0.55
2009.63,0.91,0.69,0.91,0.55
2009.71,0.93,0.71,1.15,0.48
2009.79,0.74,0.66,0.78,0.51
2009.88,0.88,0.79,1.12,0.52
2009.96,0.75,0.67,0.6,0.58
2010.04,0.95,0.75,1.04,0.55
2010.13,1.06,0.83,1.2,0.55
2010.21,1.12,0.92,1.54,0.56
2010.29,0.97,0.85,1.25,0.55
2010.38,0.98,0.75,1.11,0.52
2010.46,0.91,0.68,1,0.5
2010.54,0.77,0.63,0.97,0.47
2010.63,0.85,0.67,1.03,0.46
2010.71,0.89,0.63,0.94,0.42
2010.79,0.95,0.71,1.16,0.37
2010.88,1.05,0.81,1.56,0.34
2010.96,0.62,0.45,0.54,0.32
2011.04,0.78,0.52,0.67,0.31
2011.13,0.62,0.48,0.56,0.34
2011.21,0.78,0.65,0.92,0.35
2011.29,0.82,0.64,1.13,0.36
2011.38,0.64,0.53,0.71,0.38
2011.46,0.78,0.62,0.94,0.41
2011.54,0.89,0.7,1.26,0.38
2011.63,1.04,0.75,1.31,0.38
2011.71,0.8,0.56,0.93,0.35
2011.79,0.85,0.65,1.13,0.33
2011.88,0.81,0.58,0.85,0.34
2011.96,0.85,0.59,1.01,0.29
2012.04,0.62,0.47,0.67,0.3
2012.13,0.61,0.49,0.49,0.34
2012.21,0.71,0.56,0.97,0.32
2012.29,0.88,0.72,1.35,0.37
2012.38,1,0.78,1.35,0.42
2012.46,0.71,0.64,1.05,0.42
2012.54,0.62,0.58,0.86,0.45
2012.63,0.88,0.66,0.94,0.48
2012.71,0.87,0.72,1.03,0.5
2012.79,0.98,0.79,1.18,0.49
2012.88,0.98,0.78,1.2,0.46
2012.96,0.73,0.53,0.41,0.46
2013.04,1.02,0.7,1.2,0.38
2013.13,0.81,0.62,1.14,0.4
2013.21,0.86,0.67,1.06,0.42
2013.29,0.68,0.53,0.62,0.45
2013.38,0.72,0.6,0.87,0.46
2013.46,0.98,0.69,1.13,0.44
2013.54,0.74,0.59,0.79,0.5
2013.63,0.9,0.7,1.02,0.53
2013.71,1.03,0.76,1.18,0.5
2013.79,0.89,0.69,0.98,0.48
2013.88,0.96,0.83,1.46,0.49
2013.96,0.92,0.7,1.06,0.45
2014.04,1,0.76,1.23,0.43
2014.13,0.71,0.55,0.41,0.43
2014.21,0.84,0.78,1.2,0.46
2014.29,0.93,0.8,1.23,0.53
2014.38,1.07,0.86,1.3,0.56
2014.46,0.79,0.67,0.87,0.61
2014.54,0.73,0.58,0.61,0.59
2014.63,0.9,0.83,1.13,0.65
2014.71,1.08,0.87,1.17,0.65
2014.79,1.01,0.8,1.06,0.59
2014.88,0.84,0.67,0.77,0.56
2014.96,0.96,0.78,1.2,0.55
2015.04,1.03,0.87,1.43,0.54
2015.13,1.13,0.9,1.57,0.52
2015.21,1.14,0.96,1.63,0.56
2015.29,0.79,0.75,0.94,0.62
2015.38,0.89,0.79,1.07,0.66
2015.46,0.92,0.81,1.13,0.69
2015.54,0.71,0.73,0.89,0.69
2015.63,0.91,0.79,1.04,0.72
2015.71,0.87,0.85,1.12,0.77
2015.79,1.26,1.09,1.52,0.81
2015.88,1.27,1.06,1.4,0.8
2015.96,1.47,1.17,1.89,0.79
2016.04,1.36,1.18,1.55,0.82
2016.13,1.69,1.36,2.36,0.74
2016.21,1.68,1.35,2.38,0.76
2016.29,1.36,1.09,1.76,0.73
2016.38,1.23,0.95,1.28,0.69
2016.46,0.97,0.8,0.95,0.72
2016.54,1.03,0.84,1.03,0.72
2016.63,1.36,1.02,1.59,0.71
2016.71,1.18,0.9,1.23,0.68
2016.79,1.21,0.88,0.98,0.67
2016.88,1.29,0.92,1.22,0.57
2016.96,1.22,0.87,1.24,0.58
2017.04,1.24,1.03,1.59,0.64
2017.13,1.47,1.14,1.83,0.66
2017.21,1.43,1.16,1.91,0.66
2017.29,1.16,0.94,1.32,0.68
2017.38,1.25,0.91,1.36,0.64
2017.46,0.82,0.71,0.91,0.65
2017.54,1.07,0.81,1.13,0.68
2017.63,1.11,0.87,1.22,0.7
2017.71,1.03,0.76,1.07,0.64
2017.79,1.22,0.9,1.24,0.63
2017.88,1.14,0.88,1.22,0.59
2017.96,1.24,0.93,1.48,0.53
2018.04,1.14,0.83,1.2,0.51
2018.13,1.17,0.85,1.17,0.5
2018.21,1.17,0.88,1.49,0.53
2018.29,1.22,0.88,1.31,0.59
2018.38,1.02,0.82,1.24,0.6
2018.46,0.96,0.77,1.1,0.58
2018.54,1.15,0.83,1.28,0.57
2018.63,1,0.76,1.09,0.59
2018.71,0.99,0.8,1.07,0.63
2018.79,1.19,1.01,1.39,0.7
2018.88,1.07,0.82,0.92,0.68
2018.96,1.26,0.92,1.22,0.66
2019.04,1.2,0.93,1.51,0.64
2019.13,1.26,0.95,1.32,0.64
2019.21,1.45,1.17,1.91,0.66
2019.29,1.29,1.01,1.49,0.67
2019.38,1.12,0.85,1.1,0.63
2019.46,1.12,0.9,1.17,0.71
2019.54,1.19,0.94,1.25,0.74
2019.63,1.14,0.95,1.23,0.73
2019.71,1.12,0.92,1.34,0.67
2019.79,1.26,1,1.38,0.69
2019.88,1.32,0.99,1.34,0.69
2019.96,1.49,1.1,1.79,0.67
2020.04,1.48,1.17,2.06,0.71
2020.13,1.6,1.24,2.2,0.7
2020.21,1.41,1.17,1.96,0.72
2020.29,1.44,1.12,1.6,0.76
2020.38,1.29,1.01,1.44,0.71
2020.46,1.23,0.91,1.28,0.68
2020.54,1.06,0.89,1.25,0.7
2020.63,1.03,0.86,1.2,0.71
2020.71,1.31,0.98,1.52,0.65
2020.79,1.19,0.87,1.2,0.6
2020.88,1.55,1.1,1.82,0.55
2020.96,1.17,0.79,1.18,0.49
2021.04,1.14,0.81,1.26,0.46
2021.13,0.92,0.64,0.83,0.46
2021.21,1.22,0.89,1.58,0.49
2021.29,1,0.76,1.07,0.52
2021.38,0.97,0.79,1.13,0.55
2021.46,1.1,0.84,1.29,0.59
2021.54,1.23,0.92,1.42,0.64
2021.63,1.13,0.82,1.28,0.63
2021.71,1.29,0.92,1.39,0.63
2021.79,1.36,0.99,1.49,0.61
2021.88,1.17,0.93,1.47,0.62
2021.96,1.22,0.87,1.41,0.55
2022.04,1.18,0.91,1.43,0.6
2022.13,1.14,0.89,1.33,0.57
2022.21,1.43,1.05,1.67,0.57
2022.29,1.06,0.84,1.31,0.57
2022.38,1.11,0.84,1.18,0.57
2022.46,1.19,0.92,1.42,0.62
2022.54,1.24,0.94,1.44,0.61
2022.63,1.22,0.95,1.41,0.67
2022.71,1.15,0.89,1.24,0.65
2022.79,1.28,0.96,1.45,0.61
2022.88,0.94,0.73,0.85,0.61
2022.96,1.05,0.8,0.91,0.61
2023.04,1.16,0.87,1.28,0.58
2023.13,1.26,0.96,1.55,0.61
2023.21,1.46,1.22,2.07,0.7
2023.29,1.26,0.99,1.2,0.81
2023.38,1.13,0.94,1.13,0.8
2023.46,1.34,1.08,1.43,0.86
2023.54,1.45,1.19,1.63,0.94
2023.63,1.4,1.19,1.66,1
2023.71,1.86,1.48,2.3,0.98
2023.79,1.55,1.34,1.99,0.97
2023.88,1.64,1.42,2.16,0.97
2023.96,1.6,1.35,1.93,0.96
2024.04,1.49,1.24,1.71,0.96
2024.13,1.76,1.43,2.11,0.95
2024.21,1.63,1.4,2.22,0.94
2024.29,1.53,1.32,1.92,0.96
2024.38,1.35,1.16,1.54,0.93
2024.46,1.41,1.25,1.88,0.93
2024.54,1.47,1.21,1.77,0.92
2024.63,1.65,1.3,2.04,0.91
